,货币资金,交易性金融资产,衍生金融资产,应收票据,应收账款,预付款项,应收利息,应收股利,其他应收款,买入返售金融资产,存货,划分为持有待售的资产,一年内到期的非流动资产,待摊费用,待处理流动资产损益,其他流动资产,流动资产合计,发放贷款及垫款,可供出售金融资产,持有至到期投资,长期应收款,长期股权投资,投资性房地产,固定资产净额,在建工程,工程物资,固定资产清理,生产性生物资产,公益性生物资产,油气资产,无形资产,开发支出,商誉,长期待摊费用,递延所得税资产,其他非流动资产,非流动资产合计,资产总计,短期借款,交易性金融负债,应付票据,应付账款,预收款项,应付手续费及佣金,应付职工薪酬,应交税费,应付利息,应付股利,其他应付款,预提费用,一年内的递延收益,应付短期债券,一年内到期的非流动负债,其他流动负债,流动负债合计,长期借款,应付债券,长期应付款,长期应付职工薪酬,专项应付款,预计非流动负债,递延所得税负债,长期递延收益,其他非流动负债,非流动负债合计,负债合计,实收资本(或股本),资本公积,减：库存股,其他综合收益,专项储备,盈余公积,一般风险准备,未分配利润,归属于母公司股东权益合计,少数股东权益,所有者权益(或股东权益)合计,负债和所有者权益(或股东权益)总计,stock_code
2008-12-31,"464,514.64","29,102.16",--,"308,665.04","404,667.23","126,842.18",--,179.88,"55,833.31",--,"724,576.34",--,--,--,--,"25,762.60","2,140,143.38",--,748.72,--,"5,448.89","55,353.30","41,583.17","752,536.19","73,516.45",--,"1,784.46",--,--,--,"186,099.49",--,"252,424.08","28,236.17","51,991.65",--,"1,449,722.56","3,589,865.94","361,110.52","2,212.62","452,193.73","780,921.33","136,948.54",--,"61,156.93","6,453.65",--,"29,838.19","43,462.52",--,--,--,--,"512,877.74","2,387,175.76","70,571.00",--,--,--,--,"1,854.19","5,516.46",--,"9,734.24","87,675.89","2,474,851.64","100,000.00","26,255.54",--,--,--,--,--,"390,816.02","517,703.72","597,310.58","1,115,014.30","3,589,865.94",000333
2008-09-30,"486,239.27",--,--,"337,253.54","435,355.46","228,159.50",--,--,"38,764.59",--,"909,518.27",--,--,--,--,"11,405.24","2,446,695.87",--,986.81,--,"2,325.00","59,871.41","39,098.01","662,047.42","66,160.63",--,"1,784.46",--,--,--,"143,985.04",--,"211,112.14","23,118.78","69,585.35",--,"1,280,075.06","3,726,770.93","358,653.49","2,086.46","499,751.22","899,974.55","100,388.64",--,"56,059.30","18,005.95",--,"30,067.59","46,042.86",--,--,--,"17,092.00","531,292.04","2,559,414.11","19,500.00",--,707.21,--,--,780.00,"5,999.08",--,"4,677.23","31,663.53","2,591,077.64","100,000.00","60,104.10",--,--,--,--,--,"334,915.78","486,840.33","648,852.96","1,135,693.30","3,726,770.93",000333
2008-06-30,"541,385.93","12,475.07",--,"341,780.51","548,065.77","198,621.06",--,--,"57,961.92",--,"915,972.84",--,--,--,--,"14,059.38","2,630,322.48",--,"35,997.46",--,"2,325.00","57,377.41","50,417.70","646,373.21","47,862.53",--,"2,282.24",--,--,--,"138,626.40",--,"213,343.94","21,854.72","71,386.85",--,"1,287,847.47","3,918,169.95","430,871.00","2,092.89","511,083.00","1,073,904.19","75,316.80",--,"49,381.82","-5,850.26","35,124.73",--,"39,582.03",--,--,--,"24,000.00","562,336.49","2,797,842.68","16,500.00",--,717.86,--,--,780.00,"6,071.00",--,"3,888.84","27,957.70","2,825,800.38","100,000.00","58,189.44",--,--,--,--,--,"319,776.72","469,817.14","622,552.43","1,092,369.56","3,918,169.95",000333
2008-03-31,"421,929.40",682.04,--,"183,638.28","433,902.52","303,502.48",--,"3,436.75","35,367.64",--,"828,914.58",--,--,--,--,"9,081.43","2,220,455.10",--,"56,513.61",--,"2,332.58","47,628.63","48,082.33","550,857.15","50,270.03",--,--,--,--,--,"116,377.29",--,"72,970.51","22,291.83","61,934.05",--,"1,029,258.02","3,249,713.11","460,831.88",--,"448,241.10","789,647.28","86,648.60",--,"44,085.27","4,069.67",--,"55,003.56","28,733.54",--,--,--,--,"409,656.95","2,326,917.85","40,500.00",--,--,--,--,--,--,--,"3,925.98","44,425.98","2,371,343.83","100,000.00","60,245.25",--,--,--,--,--,"262,217.35","425,266.18","453,103.10","878,369.29","3,249,713.11",000333
2009-12-31,"637,141.13","38,840.42",--,"762,139.37","692,757.70","186,962.92",--,--,"134,855.90",--,"1,053,681.56",--,--,--,--,"26,554.81","3,532,933.81",--,102.94,--,6.36,"171,123.93","36,492.04","858,144.11","63,252.98",--,"1,784.46",--,--,--,"198,500.76",113.37,"231,201.86","22,331.94","90,258.48",335.96,"1,673,649.19","5,206,583.00","189,704.43",86.77,"461,963.82","1,396,962.84","325,162.68",--,"81,652.89","35,450.25",129.76,365.69,"75,454.85",--,--,"200,000.00","18,071.60","482,724.04","3,267,729.62","260,337.57",--,--,--,--,"1,121.35","8,695.33",--,"10,584.96","280,739.22","3,548,468.84","100,000.00","179,665.90",--,--,--,"2,191.37",--,"489,297.27","774,945.27","883,168.89","1,658,114.16","5,206,583.00",000333
2009-09-30,"736,772.67","13,551.62",--,"760,830.57","604,355.18","215,544.57",--,--,"63,769.10",--,"701,863.27",--,--,--,--,"20,281.66","3,116,968.63",--,72.18,--,--,"49,713.54","36,774.26","801,369.10","88,901.99",--,"1,830.17",--,--,--,"189,017.30",--,"272,234.06","32,787.33","84,781.82",--,"1,557,481.73","4,674,450.37","221,556.16",--,"396,831.34","1,182,041.68","299,330.03",--,"56,332.44","49,789.55",--,"10,017.47","49,136.73",--,--,--,--,"589,021.28","2,854,056.67","211,779.98",--,--,--,--,839.03,"5,389.28",--,"9,761.34","227,769.63","3,081,826.30","100,000.00","124,774.38",--,--,--,--,--,"503,676.40","730,380.49","862,243.57","1,592,624.07","4,674,450.37",000333
2009-06-30,"500,216.57","15,714.02",--,"663,433.13","727,654.78","147,217.18",--,179.88,"60,938.58",--,"553,539.87",--,--,--,--,"26,145.23","2,695,039.24",--,"1,262.12",--,--,"52,435.87","37,318.62","795,710.02","84,440.64",--,"2,181.66",--,--,--,"187,663.29",--,"260,234.06","32,724.53","81,514.40",--,"1,535,485.21","4,230,524.46","471,195.66",39.06,"525,155.54","992,189.49","110,917.43",--,"51,342.41","86,691.23",--,"19,591.21","45,960.02",--,--,--,--,"473,218.72","2,776,300.77","155,412.81",--,--,--,--,"1,180.62","6,066.57",--,"9,564.34","172,224.33","2,948,525.10","100,000.00","25,774.38",--,--,--,--,--,"484,596.03","610,831.82","671,167.54","1,281,999.36","4,230,524.46",000333
2009-03-31,"464,759.79","27,636.33",--,"302,701.81","569,289.57","166,483.85",--,179.88,"52,068.86",--,"782,647.43",--,--,--,--,"18,964.15","2,384,731.68",--,"1,012.73",--,--,"60,479.39","37,881.86","776,057.20","61,750.02",--,"2,204.32",--,--,--,"184,662.10",--,"259,306.78","33,630.84","62,397.53",--,"1,479,382.77","3,864,114.45","530,844.05",918.29,"518,263.59","859,592.11","182,618.10",--,"49,654.78","18,960.98",--,"28,276.73","47,481.92",--,--,--,--,"379,330.95","2,615,941.50","68,568.00",--,--,--,--,"1,854.19","5,524.52",--,"10,644.93","86,591.64","2,702,533.13","100,000.00","27,695.67",--,--,--,--,--,"430,332.17","557,666.61","603,914.71","1,161,581.31","3,864,114.45",000333
2010-12-31,"940,537.46","17,222.31",--,"555,398.82","691,110.33","470,571.66",--,"8,474.59","218,424.82",--,"1,974,998.12",--,--,--,--,"43,268.05","4,920,006.18",--,101.07,--,24.47,"176,688.95","53,564.24","1,184,441.53","146,818.19",--,"1,784.46",--,--,--,"233,966.03",261.13,"236,673.29","39,478.83","92,078.14","10,149.20","2,176,029.53","7,096,035.71","511,050.88",755.51,"914,912.11","1,606,029.17","419,801.28",--,"117,196.44","-40,700.57",391.10,"4,012.56","114,975.72",--,--,--,"26,387.99","556,113.89","4,230,926.06","227,148.69","357,880.63",--,--,--,"1,992.48","7,534.03",--,"15,737.27","610,293.11","4,841,219.17","100,000.00","217,111.23",--,--,--,"12,592.73",--,"768,390.30","1,103,285.35","1,151,531.19","2,254,816.54","7,096,035.71",000333
2010-09-30,"1,349,436.39","53,660.51",--,"937,209.63","959,357.14","522,823.04",--,"14,122.83","254,892.94",--,"1,170,366.04",--,--,--,--,"26,040.30","5,287,908.84",--,104.11,--,5.92,"242,804.64","61,774.01","968,820.64","115,300.78",--,"1,791.00",--,--,--,"231,411.58",227.18,"231,201.86","38,096.49","165,150.66",--,"2,056,688.84","7,344,597.68","265,004.66",184.45,"1,251,937.74","1,324,596.23","446,855.79",--,"68,021.01","137,044.78",--,"3,034.24","82,226.00",--,--,"200,000.00","20,000.00","929,068.24","4,727,973.14","257,188.55","204,787.63",--,--,--,"5,841.57","9,761.14",--,"11,481.88","489,060.78","5,217,033.92","100,000.00","202,796.67",--,--,--,"3,111.23",--,"720,372.04","1,030,718.66","1,096,845.10","2,127,563.76","7,344,597.68",000333
2010-06-30,"1,207,886.82","45,330.38",--,"1,101,670.08","1,131,302.44","352,543.70",--,"9,955.97","176,641.70",--,"980,208.16",--,--,--,--,"22,687.33","5,028,226.60",--,103.17,--,6.12,"174,813.16","35,378.33","876,582.30","117,885.32",--,"1,791.00",--,--,--,"213,736.26",187.52,"231,201.86","26,751.32","154,336.70",--,"1,832,773.05","6,860,999.65","264,624.07",--,"1,053,302.85","1,333,617.99","381,981.87",--,"65,235.47","146,880.32",--,"13,422.03","53,112.80",--,--,"200,000.00","4,750.00","897,182.27","4,414,109.67","271,881.19","202,441.63",--,--,--,"5,519.93","8,491.71",--,"11,120.81","499,455.28","4,913,564.95","100,000.00","173,764.70",--,--,--,"3,111.23",--,"649,389.34","928,749.92","1,018,684.78","1,947,434.69","6,860,999.65",000333
2010-03-31,"741,060.20","50,930.16",--,"865,633.42","993,058.48","378,799.21",--,--,"231,422.55",--,"1,210,951.71",--,--,--,--,"40,864.68","4,512,720.42",--,114.23,--,"8,686.15","190,074.84","35,885.32","857,931.14","77,544.91",--,"1,789.89",--,--,--,"212,968.09",149.83,"231,201.86","24,608.52",--,--,"1,775,424.68","6,288,145.10","218,211.89","1,762.71","752,254.81","1,543,254.03","405,504.09",--,"57,232.15","97,937.48",155.19,"1,011.32","55,547.37",--,--,"200,000.00","18,650.00","736,592.11","4,088,113.15","265,000.54","150,248.63","5,543.53",--,--,"5,090.96","10,590.59",--,"6,246.84","442,721.09","4,530,834.24","100,000.00","173,956.43",--,--,--,"2,191.37",--,"528,340.73","808,171.80","949,139.06","1,757,310.86","6,288,145.10",000333
2011-12-31,"1,274,640.32","19,543.08",--,"1,026,594.59","1,007,128.62","307,879.22",--,--,"251,831.58",--,"1,634,329.61",--,--,--,--,"307,557.65","6,220,179.07","94,129.60",81.70,--,--,"176,774.96","11,844.93","1,748,993.12","297,875.23",--,"1,784.93",--,--,--,"320,127.50",--,"344,324.06","67,956.34","72,244.53",--,"3,042,007.28","9,262,186.35","605,313.74",484.95,"1,047,754.34","1,769,812.72","603,207.31",--,"108,556.32","106,331.85","21,664.74",323.07,"164,272.49",--,--,--,"77,522.17","964,701.04","5,469,944.73","312,950.73","447,847.93",--,--,--,"2,184.45","4,416.42",--,"7,266.76","774,666.28","6,244,611.02","100,000.00","245,800.46",--,--,--,"26,155.85",--,"902,747.99","1,252,546.39","1,765,028.94","3,017,575.33","9,262,186.35",000333
2011-09-30,"1,647,935.92","23,924.69",--,"2,053,863.03","1,164,550.52","709,175.62",--,"9,666.48","212,761.21",--,"2,043,859.87",--,195.05,--,--,"40,555.94","7,906,488.33",--,443.58,--,21.55,"164,028.95","50,793.88","1,366,611.29","291,437.03",--,"1,784.92",--,--,--,"258,861.63",353.02,"237,020.42","59,328.35","64,540.99",--,"2,495,225.62","10,401,713.95","690,896.51","1,615.24","2,029,434.04","1,719,663.01","463,701.56",--,"78,911.92","-9,622.08",673.93,"6,592.70","231,527.16",--,--,"200,000.00","145,056.37","889,819.06","6,448,269.40","549,256.19","464,819.69",--,--,--,"2,890.88","6,666.82",--,"10,324.76","1,033,958.34","7,482,227.74","100,000.00","326,138.54",--,--,--,"26,155.85",--,"831,234.56","1,283,416.27","1,636,069.94","2,919,486.21","10,401,713.95",000333
2011-06-30,"1,399,987.06","16,260.39",--,"1,857,486.92","1,442,039.26","615,164.76",--,"9,649.16","277,109.18",--,"1,840,291.56",--,195.05,--,--,"43,693.45","7,501,876.80",--,102.01,--,21.96,"170,159.97","51,717.47","1,298,023.68","243,080.07",--,"1,780.67",--,--,--,"257,884.31",623.53,"236,644.59","56,136.69","62,777.13",--,"2,378,952.06","9,880,828.87","620,014.89","1,652.81","1,892,192.00","1,942,083.62","415,438.28",--,"81,268.88","18,474.32",476.70,"16,912.67","135,013.03",--,--,"200,000.00","208,522.57","880,279.42","6,412,329.20","186,396.54","459,294.58",--,--,--,"3,355.21","4,992.35",--,"8,277.50","662,316.17","7,074,645.38","100,000.00","328,714.59",--,--,--,"26,155.85",--,"786,680.72","1,248,952.35","1,557,231.14","2,806,183.49","9,880,828.87",000333
2011-03-31,"1,499,676.28","22,612.01",--,"1,888,804.68","1,153,613.74","685,873.78",--,"8,390.45","243,186.78",--,"1,828,276.28",--,195.05,--,--,"41,063.06","7,371,692.11",--,104.84,--,22.15,"220,125.12","53,080.07","1,221,993.18","191,203.23",--,"1,785.03",--,--,--,"243,199.90",380.10,"236,673.29","50,514.01","130,554.63",--,"2,349,635.56","9,721,327.67","650,995.67",700.07,"1,248,084.72","2,372,941.07","514,164.12",--,"77,536.69","87,016.33",361.56,"5,578.88","144,154.46",--,--,"200,000.00","20,000.00","848,521.00","6,170,054.57","270,658.05","456,124.52",--,--,--,"2,654.47","5,521.04",--,"8,476.01","743,434.09","6,913,488.66","100,000.00","341,828.14",--,--,--,"12,592.73",--,"820,396.27","1,279,117.02","1,528,722.00","2,807,839.01","9,721,327.67",000333
2012-12-31,"1,343,550.91","23,154.99",--,"1,238,642.48","986,457.36","180,248.22",--,--,"112,134.56",--,"1,335,000.09",--,--,--,--,"212,925.49","5,556,219.08","40,950.74",77.63,--,--,"170,977.17","8,438.80","2,025,252.89","160,069.61",--,--,--,--,--,"367,219.09",--,"347,302.86","58,874.23","79,221.34",--,"3,217,433.62","8,773,652.70","508,208.71","2,207.31","924,338.67","1,577,359.62","357,015.28",--,"133,010.32","91,764.46","19,013.76","7,291.34","246,931.85",--,--,--,"394,482.83","819,329.77","5,081,016.39","238,847.40","114,925.06",--,--,"1,259.46","2,461.12","8,615.78","8,615.78","9,978.97","376,087.78","5,457,104.16","100,000.00","303,731.20",--,--,--,"6,643.91",--,"1,049,063.64","1,431,353.09","1,885,195.45","3,316,548.53","8,773,652.70",000333
2012-09-30,"1,771,361.66","3,981.12",--,"1,485,380.64","1,432,542.60","272,358.37",--,--,"144,115.70",--,"1,071,180.35",--,--,--,--,"66,337.53","6,535,665.65","194,876.08","5,029.05",--,--,"177,545.63","8,826.53","1,943,215.90","222,347.86",--,"1,784.93",--,--,--,"361,303.47",--,"350,141.50","60,140.31","87,261.85","2,336.58","3,219,933.60","9,755,599.25","865,050.66","1,154.06","1,145,368.91","1,708,549.06","298,029.78",--,"90,169.91","12,287.34","26,584.56","14,336.14","479,865.77",--,--,--,"251,817.35","1,071,572.81","5,964,786.35","291,650.94","264,324.38",225.30,--,--,"3,313.77","5,247.12",--,"10,676.56","575,438.06","6,540,224.41","100,000.00","284,582.86",--,--,--,--,--,"1,018,190.45","1,379,239.10","1,836,135.75","3,215,374.84","9,755,599.25",000333
2012-06-30,"1,687,528.19","6,459.59",--,"1,392,638.80","1,605,099.86","241,558.47",--,--,"118,888.31",--,"1,139,032.49",--,--,--,--,"71,519.60","6,615,268.08","330,352.50","6,048.62",--,--,"174,775.30","9,708.90","1,847,596.46","302,779.51",--,"1,784.93",--,--,--,"351,490.38",--,"335,818.68","63,583.78","82,891.88","1,473.66","3,177,952.08","9,793,220.15","980,665.26",293.04,"1,334,358.82","1,775,548.06","317,272.30",--,"76,635.64","-49,392.61","16,818.24","24,257.28","496,857.99",--,--,--,"36,381.27","1,028,196.94","6,037,892.22","249,370.79","448,523.86",224.72,--,--,"1,969.89","2,995.93",--,"7,527.76","710,612.95","6,748,505.17","100,000.00","242,335.51",--,--,--,"24,024.67",--,"955,212.36","1,291,304.15","1,753,410.83","3,044,714.98","9,793,220.15",000333
2012-03-31,"1,044,661.08","16,740.36",--,"1,663,404.45","1,194,680.89","325,712.56",--,--,"201,880.05",--,"1,547,894.91",--,--,--,--,"90,486.32","6,327,715.94","195,007.32","2,410.22",--,21.14,"177,002.80","10,648.33","1,806,495.10","324,105.43",--,"1,584.67",--,--,--,"333,717.27",253.75,"335,783.54","66,363.77","90,911.83",962.01,"3,150,259.85","9,477,975.79","882,510.20",230.08,"1,014,935.81","1,905,308.66","787,985.30",--,"80,323.53","-83,900.50",559.67,58.87,"225,856.47",--,--,--,"75,625.00","855,182.25","5,744,675.34","293,966.51","439,934.22",695.39,--,--,"1,935.40","3,798.81",--,"12,071.21","752,401.53","6,497,076.87","100,000.00","242,758.83",--,--,--,"24,024.67",--,"843,113.24","1,185,208.53","1,795,690.39","2,980,898.92","9,477,975.79",000333
2013-12-31,"1,649,731.53","75,956.52",--,"1,415,053.22","792,843.83","243,242.05",--,"2,586.38","102,539.52",--,"1,519,772.38",--,--,--,--,"46,310.77","6,532,673.20","510,008.57",106.86,--,--,"175,579.81","20,583.47","1,957,216.13","61,260.13",--,--,--,--,--,"332,573.84",--,"293,100.36","64,788.23","256,720.45",--,"3,161,929.28","9,694,602.48","887,217.40","1,126.02","630,847.85","1,750,809.97","498,334.63",--,"196,883.77","102,801.51","6,982.39","9,404.62","148,778.10",--,--,--,"161,737.02","1,260,838.00","5,664,738.17","71,146.46","15,271.66",--,--,"5,207.40","3,346.62","12,379.76",--,"14,456.18","121,808.08","5,786,546.25","168,632.34","1,562,079.08",--,--,--,"56,954.43",--,"1,530,498.92","3,284,743.10","623,313.12","3,908,056.23","9,694,602.48",000333
2013-09-30,"1,787,595.83","60,917.77",--,"1,526,885.67","1,066,571.99","237,575.60",--,"2,575.33","173,274.92",--,"976,126.11",--,--,--,--,"175,852.74","6,543,154.61","398,866.67",79.04,--,--,"170,128.53","6,363.05","1,921,216.81","141,792.33",--,--,--,--,--,"353,223.99",--,"340,131.03","54,074.72","229,118.03",--,"3,216,127.54","9,759,282.15","1,112,770.65","1,169.91","644,122.26","1,649,316.66","433,121.72",--,"137,317.56","195,954.51","15,617.32","17,747.45","163,940.96",--,--,--,"335,161.53","1,106,851.37","5,843,097.29","75,357.15","16,064.13",--,--,207.40,"2,687.68","14,442.32",--,"8,073.06","116,831.75","5,959,929.03","168,632.34","1,599,413.91",--,--,--,"6,643.91",--,"1,450,867.08","3,195,175.09","604,178.04","3,799,353.12","9,759,282.15",000333
2013-06-30,"1,792,127.07","54,047.89",--,"1,338,630.61","1,254,084.42","196,287.33",--,"2,560.36","107,686.10",--,"878,752.49",--,--,--,--,"215,436.76","6,217,322.34","266,592.05",73.16,--,--,"168,587.88","8,086.58","1,958,509.38","154,862.06",--,--,--,--,--,"350,992.70",--,"347,302.86","54,709.65","196,758.27",--,"3,239,882.53","9,457,204.87","1,144,492.78",722.77,"820,581.85","1,593,097.63","272,437.28",--,"106,204.15","179,067.33","13,355.89","30,120.66","167,742.22",--,--,--,"328,843.24","998,347.80","5,665,478.48","140,019.94","15,790.38",--,--,254.90,"2,758.40","10,808.84",--,"11,634.23","181,266.68","5,846,745.16","100,000.00","301,838.04",--,--,--,"6,643.91",--,"1,313,747.10","1,690,972.50","1,919,487.21","3,610,459.71","9,457,204.87",000333
2013-03-31,"1,753,296.57","35,558.79",--,"1,497,595.48","1,439,016.22","252,110.37",--,"2,617.61","120,573.61",--,"1,213,974.48",--,--,--,--,"169,042.64","6,731,875.23","152,152.23",83.75,--,--,"166,934.63","7,703.29","1,995,466.89","157,309.14",--,--,--,--,--,"358,503.48",--,"347,302.86","57,888.70","101,084.28",--,"3,192,277.01","9,924,152.23","1,082,848.11","3,458.44","896,625.16","1,804,452.53","513,645.71",--,"92,840.01","155,805.63","12,397.30","1,216.54","232,999.25",--,--,--,"343,190.46","1,026,943.46","6,166,422.60","218,090.28","15,516.63",--,--,865.70,"2,412.43","9,200.90",--,"11,540.49","257,626.42","6,424,049.02","100,000.00","300,568.96",--,--,--,"6,643.91",--,"1,151,217.18","1,527,233.97","1,972,869.25","3,500,103.22","9,924,152.23",000333
2014-12-31,"748,287.53",--,"16,251.38","1,709,723.34","936,210.28","141,447.05",--,"4,594.32","118,076.75",--,"1,502,003.03",--,--,--,--,"2,659,389.25","8,642,707.46","594,080.05","165,549.47",--,--,"95,187.44","17,163.49","1,952,181.41","66,188.23",--,--,--,--,--,"343,195.81",--,"293,179.14","75,857.61","377,998.76",--,"3,386,501.35","12,029,208.82","607,087.90",--,"1,264,849.70","2,013,745.45","399,254.05",--,"219,977.70","328,015.07","2,291.22","9,379.90","122,354.88",--,--,--,"61,190.00","2,277,893.61","7,314,284.91","1,920.50","15,302.63",--,--,"85,182.55","2,557.38","2,591.72","34,223.59",--,"141,778.38","7,456,063.29","421,580.85","1,302,488.32",--,"-77,429.88",--,"118,979.13",--,"2,181,431.57","3,947,049.98","626,095.54","4,573,145.52","12,029,208.82",000333
2014-09-30,"980,787.30","22,609.16",--,"1,834,312.02","1,047,185.22","187,196.77",--,"5,101.84","81,815.79",--,"1,097,097.49",--,--,--,--,"2,280,224.45","8,317,005.53","743,377.00","84,462.73",--,--,"93,007.17","19,684.46","1,959,097.61","52,802.82",--,--,--,--,--,"346,952.99",--,"293,100.36","62,812.33","353,360.70",--,"3,265,281.16","11,582,286.69","1,091,468.87","7,334.72","686,806.14","1,833,044.22","581,632.41",--,"160,151.71","238,708.99","5,178.81","25,665.77","152,767.56",--,--,--,"69,855.22","2,180,459.33","7,036,090.14","2,291.34","16,092.91",--,--,"85,634.11","2,699.03","6,630.69",--,"15,366.46","128,714.54","7,164,804.68","421,580.85","1,300,536.78",--,"-15,144.57",--,"56,954.43",--,"2,088,529.87","3,808,800.83","608,681.18","4,417,482.01","11,582,286.69",000333
2014-06-30,"1,757,023.82","8,704.66",--,"1,804,167.34","1,273,309.00","189,486.96",--,"5,407.29","121,472.30",--,"1,005,601.58",--,--,--,--,"1,849,145.44","8,539,998.57","495,547.53",100.75,--,--,"177,406.99","14,014.36","1,982,975.60","41,834.49",--,--,--,--,--,"347,866.49",--,"293,100.36","66,196.10","345,462.08",--,"3,268,957.21","11,808,955.78","1,831,355.46","12,614.44","575,928.93","1,886,981.39","417,592.55",--,"139,456.72","279,233.71","8,878.96","29,271.28","136,148.88",--,--,--,"27,592.78","2,066,699.05","7,414,781.71","68,248.64","15,819.16",--,--,"72,041.85","2,602.71","5,300.25",--,"14,351.06","178,363.68","7,593,145.39","421,580.85","1,276,084.76",--,--,--,"56,954.43",--,"1,854,247.52","3,572,751.08","643,059.31","4,215,810.39","11,808,955.78",000333
2014-03-31,"2,757,915.29","9,334.44",--,"1,794,929.22","1,550,065.59","195,779.66",--,"5,421.84","86,969.12",--,"1,205,439.08",--,--,--,--,"48,669.70","8,139,758.99","450,735.83",102.63,--,--,"176,192.38","20,098.23","1,981,400.47","56,322.32",--,--,--,--,--,"348,733.39",--,"293,100.36","65,792.95","295,840.43",--,"3,237,583.15","11,377,342.14","1,563,464.00","12,572.83","657,610.73","2,125,459.21","383,069.21",--,"110,009.12","262,028.57","4,353.94","1,075.84","185,446.35",--,--,--,"57,648.20","1,615,217.25","6,998,621.32","81,495.59","15,545.41",--,--,"88,278.47","2,396.22","6,252.53",--,"14,264.41","208,232.62","7,206,853.94","168,632.34","1,532,681.86",--,--,--,"56,954.43",--,"1,784,383.83","3,512,156.64","658,331.57","4,170,488.21","11,377,342.14",000333
2015-12-31,"1,291,002.20",--,"15,882.20","1,288,915.10","1,037,171.80","98,862.50",--,--,"110,133.90",--,"1,044,893.70",--,--,--,--,"3,382,758.00","9,336,770.60","660,870.50","328,995.40",--,--,"288,827.40","15,080.30","1,872,988.10","95,476.10",--,--,--,--,--,"339,240.20",--,"239,306.60","78,135.90","222,399.90","66,973.00","3,547,422.90","12,884,193.50","392,093.30",--,"1,707,852.00","1,744,868.40","561,636.10",--,"222,933.20","160,718.10",934.30,"11,885.10","113,930.60",--,--,--,--,"2,209,817.70","7,200,384.90","9,006.10",--,--,--,50.00,"3,889.30","4,046.40","47,935.20","15,719.40","80,646.40","7,281,031.30","426,683.90","1,451,119.00",--,"-107,115.10",--,"184,652.30","11,862.40","2,952,982.70","4,920,185.20","682,977.00","5,603,162.20","12,884,193.50",000333
2015-09-30,"1,049,206.14",--,"23,314.16","2,581,787.08","1,077,123.59","172,385.82",--,"1,238.43","204,009.31",--,"856,532.21",--,--,--,--,"3,158,198.61","9,937,957.61","603,702.92","399,894.99",--,--,"95,615.03","13,883.81","1,863,144.02","80,667.08",--,--,--,--,--,"333,785.89",--,"294,859.45","76,360.19","300,542.97","37,915.68","3,496,669.11","13,434,626.72","525,575.81",--,"2,373,432.65","1,712,003.78","364,965.33",--,"166,789.03","254,897.75",673.71,"19,470.46","100,906.59",--,--,--,--,"2,379,445.88","7,973,579.57",741.68,--,--,--,"11,631.12","2,393.82","2,285.85","36,931.53",--,"53,984.00","8,027,563.57","426,571.45","1,456,092.81",--,"-94,567.38",--,"118,979.13","4,051.69","2,857,004.30","4,768,132.00","638,931.15","5,407,063.15","13,434,626.72",000333
2015-06-30,"1,644,623.95",--,"1,433.91","2,622,937.87","1,361,707.56","181,379.51",--,"5,351.28","122,791.58",--,"1,020,985.32",--,--,--,--,"2,710,913.76","10,760,984.72","886,416.86","225,772.20",--,--,"90,615.58","14,684.58","1,885,746.70","67,374.67",--,--,--,--,--,"326,536.81",--,"295,761.95","80,368.82","418,137.46","12,285.22","3,417,284.00","14,178,268.71","1,034,660.54",--,"2,278,799.22","1,927,083.83","286,818.61",--,"148,633.97","412,494.25","3,969.34","29,279.56","112,080.00",--,--,--,--,"2,597,810.23","8,862,487.57","1,057.52","15,850.13",--,--,"11,631.12","2,598.00","2,552.58","37,149.25",--,"70,838.60","8,933,326.17","429,012.26","1,531,173.84",--,"-55,954.07",--,"118,979.13","4,051.69","2,588,211.29","4,615,474.15","629,468.39","5,244,942.54","14,178,268.71",000333
2015-03-31,"1,063,875.31",--,"30,805.10","2,755,179.54","1,348,786.59","209,397.86",--,"6,160.38","86,664.33",--,"1,102,945.23",--,--,--,--,"2,783,359.84","10,199,252.15","707,427.77","170,907.03",--,--,"89,248.87","15,214.60","1,922,554.57","56,529.86",--,--,--,--,--,"338,038.09",--,"293,179.14","84,313.73","413,854.72",--,"3,383,840.61","13,583,092.77","823,858.85",--,"1,852,264.00","2,072,015.90","417,880.95",--,"120,835.06","490,810.08","2,527.49","1,170.37","139,676.05",--,--,--,"1,706.17","2,549,700.99","8,503,850.51","1,460.79","15,576.38",--,--,"84,739.44","2,442.86","2,774.89","34,374.40",--,"141,368.75","8,645,219.26","421,580.85","1,305,839.42",--,"-68,122.50",--,"118,979.13",--,"2,515,645.05","4,293,921.94","643,951.56","4,937,873.51","13,583,092.77",000333
2016-12-31,"2,716,911.80",--,"41,281.30","742,748.80","1,345,451.10","158,736.60",--,--,"114,013.30",--,"1,562,689.70",--,--,--,--,"4,352,959.70","12,062,132.00","1,027,339.70","518,773.20",--,"3,386.80","221,173.20","49,412.20","2,105,679.10","58,072.90",--,--,--,--,--,"686,853.80",--,"573,099.50","62,597.10","303,038.30","415,853.00","4,997,939.10","17,060,071.10","302,442.60",--,"1,848,493.90","2,535,696.00","1,025,237.50",--,"315,438.70","236,444.60","2,134.30","10,564.10","157,142.20",--,--,--,"15,854.50","2,456,297.00","8,918,400.00","225,434.80","481,876.90","36,688.10","144,995.40",240.50,"32,521.70","183,197.30","50,231.60","88,815.20","1,244,001.50","10,162,401.50","645,876.70","1,359,656.90",--,"1,312.50",--,"280,446.90","14,860.20","3,810,539.10","6,112,692.30","784,977.30","6,897,669.60","17,060,071.10",000333
2016-09-30,"1,944,482.00",--,731.30,"1,094,812.00","1,272,602.30","210,691.40",--,--,"80,479.20",--,"1,043,435.30",--,--,--,--,"4,022,393.70","11,368,699.80","1,194,097.90","509,757.50",--,"3,978.00","290,876.90","14,041.30","2,083,661.20","105,056.40",--,--,--,--,--,"598,622.60",--,"486,215.00","63,365.60","289,514.50","485,372.20","4,930,461.20","16,299,161.00","473,114.80",--,"2,154,759.10","2,132,106.80","661,240.00",--,"214,115.10","279,808.30","4,874.90","19,669.40","222,926.50",--,--,--,"5,789.90","2,300,038.30","8,519,694.30","211,028.10","461,740.80","41,696.10","138,559.20",50.00,"30,264.20","167,576.50","47,076.50","86,739.90","1,184,731.30","9,704,425.60","645,055.20","1,335,842.40",--,"-60,589.70",--,"184,652.30","11,862.40","3,721,695.20","5,838,517.80","756,217.60","6,594,735.40","16,299,161.00",000333
2016-06-30,"1,669,921.40",--,736.60,"1,498,721.80","1,329,312.30","161,033.20",--,499.30,"97,174.30",--,"955,923.20",--,--,--,--,"3,850,577.70","11,683,424.70","1,110,677.70","576,171.80",--,"3,830.70","310,864.60","14,665.70","2,100,000.40","104,148.20",--,--,--,--,--,"607,158.90",--,"486,215.00","67,338.10","272,307.90","524,148.70","5,066,850.00","16,750,274.70","1,444,541.90",--,"1,945,134.60","2,167,989.20","408,980.00",--,"190,372.80","271,046.90","5,496.90","31,614.00","163,878.50",--,--,--,"10,359.40","2,532,807.30","9,296,657.10","208,404.30","459,930.30","53,188.20","149,109.40",50.00,"21,922.20","168,754.50","44,025.30","82,320.60","1,187,704.80","10,484,361.90","642,493.40","1,283,200.30",--,"20,556.30",--,"184,652.30","11,862.40","3,390,545.10","5,533,309.80","732,603.00","6,265,912.80","16,750,274.70",000333
2016-03-31,"1,498,093.70",--,852.50,"1,689,970.70","1,203,373.00","146,391.70",--,"1,775.90","90,583.40",--,"993,100.30",--,--,--,--,"4,387,017.30","11,022,383.90","832,808.80","504,666.30",--,--,"291,036.20","13,889.40","1,857,865.30","91,843.60",--,--,--,--,--,"337,169.40",--,"239,306.60","72,274.80","278,047.20","83,776.20","3,769,875.00","14,792,258.90","918,000.10",--,"2,163,245.50","1,948,417.90","450,124.30",--,"132,773.40","340,906.20","1,235.90","1,230.80","148,924.90",--,--,--,--,"2,381,644.30","8,615,714.30","8,686.20",--,--,--,50.00,"3,834.70","2,393.70","47,618.10","15,719.40","78,302.10","8,694,016.40","426,739.10","1,462,907.50",--,"-44,111.30",--,"184,652.30","11,862.40","3,343,707.90","5,385,757.90","712,484.60","6,098,242.50","14,792,258.90",000333
2017-12-31,"4,827,420.00",--,"35,332.70","1,085,422.60","1,752,871.70","167,224.80",--,--,"265,756.80",--,"2,944,416.60",--,--,--,--,"4,684,727.10","16,981,067.60","1,217,895.30","183,105.10",--,"36,224.80","263,369.80","42,080.20","2,260,072.40","87,957.60",--,--,--,--,--,"1,516,703.60",--,"2,890,378.50","85,910.60","402,333.40","61,482.20","7,829,618.20","24,810,685.80","258,410.20",--,"2,520,778.50","3,514,477.70","1,740,906.30",--,"524,750.00","354,415.40","9,480.10","9,531.70","317,040.50",--,--,--,"13,660.50","2,625,799.00","11,909,185.70","3,298,632.50","455,305.40","24,803.60","246,585.40",250.00,"33,073.60","397,282.30","53,644.30","99,405.90","4,608,983.00","16,518,168.70","656,105.30","1,591,150.40","36,684.20","-24,469.20",--,"388,223.20","36,694.70","4,762,723.50","7,373,743.70","918,773.40","8,292,517.10","24,810,685.80",000333
2017-09-30,"4,165,743.70",--,"39,226.70","1,551,845.30","1,736,046.20","210,505.20",--,--,"209,981.50",--,"2,375,287.80",--,--,--,--,"4,954,511.10","16,334,993.20","1,091,845.70","184,600.90",--,"37,747.30","282,134.50","47,415.90","2,234,857.80","102,070.40",--,--,--,--,--,"1,601,008.90",--,"2,862,023.30","70,284.60","381,358.60","79,832.20","7,883,334.40","24,218,327.60","447,283.90",--,"2,302,946.60","3,258,874.30","1,778,277.80",--,"418,151.90","281,312.90","6,617.00","17,600.00","266,805.40",--,--,--,"11,106.20","2,672,382.10","11,491,849.30","3,307,513.30","462,110.20","45,616.20","232,567.00",250.00,"64,528.70","438,142.50","64,784.90","85,592.60","4,701,105.40","16,192,954.70","654,816.30","1,542,556.10","36,684.20","1,974.90",--,"280,446.90","14,860.20","4,663,788.60","7,121,758.80","903,614.10","8,025,372.90","24,218,327.60",000333
2017-06-30,"3,421,901.80",--,"33,100.90","1,088,439.10","1,938,087.40","206,580.30",--,435.10,"217,008.40",--,"2,088,503.80",--,--,--,--,"5,004,188.90","15,213,216.50","1,214,970.80","187,239.30",--,"40,411.50","258,632.90","48,081.40","2,260,315.10","88,093.90",--,--,--,--,--,"1,631,224.20",--,"2,841,816.40","71,245.00","360,223.90","101,149.10","7,888,432.70","23,101,649.20","3,239,195.00",--,"2,203,431.20","3,229,881.20","1,417,059.30",--,"378,958.90","361,476.40","3,556.40","27,784.00","226,208.50",--,--,--,"7,771.10","2,660,452.10","13,771,149.10","403,671.40","471,314.40","55,478.10","238,507.00",250.00,"65,438.50","451,987.20","58,950.60","85,413.70","1,831,010.90","15,602,160.00","651,963.70","1,473,430.80","36,684.20","2,280.70",--,"280,446.90","14,860.20","4,245,103.60","6,631,401.70","868,087.50","7,499,489.20","23,101,649.20",000333
2017-03-31,"3,529,209.80",--,"28,092.60","874,784.70","1,802,661.30","203,744.80",--,--,"139,270.30",--,"2,197,729.70",--,--,--,--,"4,768,325.80","14,603,799.90","1,059,980.90","177,370.60",--,"45,952.00","226,641.90","48,746.80","2,290,499.50","80,970.90",--,--,--,--,--,"1,665,583.90",--,"2,731,473.10","64,002.40","363,903.40","292,494.30","7,987,638.80","22,591,438.70","3,213,913.50",--,"2,028,401.70","3,239,034.90","1,183,175.10",--,"335,178.70","357,109.10","9,711.00","1,444.30","196,514.60",--,--,--,"16,289.30","2,737,903.70","13,341,399.80","404,028.60","479,616.70","46,899.30","242,637.30",250.00,"34,129.60","460,846.90","50,087.70","88,516.80","1,807,012.90","15,148,412.70","646,567.70","1,383,461.60",--,"-17,757.10",--,"280,446.90","14,860.20","4,245,797.80","6,553,377.10","889,648.90","7,443,026.00","22,591,438.70",000333
2018-09-30,"4,248,884.50",--,"37,690.00","1,354,545.50","1,910,179.90","238,309.70",--,--,"270,004.20",--,"2,442,493.50",--,--,--,--,"5,956,334.10","17,551,463.00","1,093,021.60","217,505.10",--,"4,265.20","285,934.80","39,847.60","2,229,283.90","192,622.50",--,--,--,--,--,"1,558,946.50",--,"2,962,225.30","98,144.70","463,879.50","60,995.80","8,113,650.90","25,665,113.90","89,495.20",--,--,--,"1,321,001.90",--,"454,253.40","422,736.80",--,--,"403,281.30",--,--,--,"700,261.40","3,245,453.90","12,332,054.80","3,269,284.10",--,"29,672.50","239,734.40",--,"26,672.10","408,722.80","56,885.50","103,760.50","4,134,731.90","16,466,786.70","664,465.70","1,771,209.90","271,816.80","-65,194.70",--,"388,223.20","36,694.70","5,762,868.90","8,286,450.90","911,876.30","9,198,327.20","25,665,113.90",000333
2018-06-30,"4,508,775.60",--,"31,654.00","1,677,724.30","2,053,786.70","188,581.50",--,--,"202,762.30",--,"2,372,333.80",--,--,--,--,"4,637,600.70","17,220,655.70","1,547,436.80","204,444.20",--,"4,411.60","275,394.00","41,119.80","2,225,692.80","156,225.60",--,--,--,--,--,"1,503,419.90",--,"2,849,416.30","90,862.10","461,806.60","66,331.50","7,879,124.40","25,099,780.10","126,103.30",--,"2,434,534.80","3,599,588.50","1,100,921.70",--,"390,138.40","435,557.50","9,067.70","4,285.90","344,468.40",--,--,--,"672,655.10","3,219,116.30","12,417,622.70","3,027,618.90",--,"30,918.00","243,078.60",250.00,"27,522.20","401,451.00","55,945.60","101,512.90","3,888,297.20","16,305,919.90","662,691.20","1,732,315.60","91,817.10","-64,457.90",--,"388,223.20","36,694.70","5,266,529.60","7,930,179.30","863,680.90","8,793,860.20","25,099,780.10",000333
2018-03-31,"5,537,798.10",--,"25,839.70","1,400,301.90","1,975,216.00","191,302.80",--,--,"298,710.60",--,"2,650,760.40",--,--,--,--,"4,146,833.10","17,444,043.00","1,217,280.40","191,131.80",--,"37,829.80","260,917.70","42,641.80","2,223,859.90","113,046.60",--,--,--,--,--,"1,494,870.00",--,"2,872,134.70","85,437.30","421,144.70","69,595.30","7,812,609.60","25,256,652.60","145,674.60",--,"2,606,859.10","3,601,884.20","1,453,496.70",--,"388,455.70","385,044.90","4,924.80","1,465.90","296,087.30",--,--,--,"10,631.40","2,980,650.40","11,896,000.50","3,271,733.70","438,562.80","26,258.50","244,905.50",250.00,"32,702.20","398,829.00","56,350.60","100,346.60","4,569,938.90","16,465,939.40","658,402.30","1,606,070.70","52,008.70","-3,130.60",--,"388,223.20","36,694.70","5,288,346.60","7,922,598.20","868,115.00","8,790,713.20","25,256,652.60",000333
